# Host: localhost  (Version: 5.5.53)
# Date: 2018-12-12 21:04:34
# Generator: MySQL-Front 5.3  (Build 4.234)

#
# Database "shop"
#

CREATE DATABASE IF NOT EXISTS `shop` /*!40100 DEFAULT CHARACTER SET utf8 COLLATE utf8_general_ci */;
USE `shop`;

#
# Structure for table "goods"
#

CREATE TABLE `goods` (
  `id` int(11) NOT NULL AUTO_INCREMENT,
  `name` varchar(255) NOT NULL DEFAULT '',
  `cover_img` varchar(255) NOT NULL DEFAULT '',
  `description` varchar(255) NOT NULL DEFAULT '',
  `discount_info` varchar(255) NOT NULL DEFAULT '',
  `content` text NOT NULL,
  `price` varchar(255) NOT NULL DEFAULT '',
  `sale_price` varchar(255) NOT NULL DEFAULT '',
  `stock` int(11) NOT NULL DEFAULT '0',
  `sale_count` int(11) NOT NULL DEFAULT '0',
  `ctime` varchar(255) NOT NULL DEFAULT '',
  `cate_id` varchar(255) NOT NULL DEFAULT '',
  `sub_cate_id` int(11) NOT NULL DEFAULT '0',
  `del_state` tinyint(3) NOT NULL DEFAULT '0',
  PRIMARY KEY (`id`)
) ENGINE=MyISAM AUTO_INCREMENT=7 DEFAULT CHARSET=utf8;

#
# Data for table "goods"
#

INSERT INTO `goods` VALUES (1,'婴儿纱布夹棉侧开睡袋90x58cm， 1条装','https://res.purcotton.com//images/commodity/002010009/80000000/002000001384/10000001_00000695/06FF87611C685BC71FA2C921058564CC.jpg_350x350.jpg','双层纱布面料，中间100%棉填充，亲肤保暖；袖子可拆卸，伸展更自由。','【限时活动】圣诞欢乐颂到手价5折起【满赠】圣诞节全场单笔满338送卫生巾2包，满468送汗巾3条，满658送书籍1本（单笔订单限赠1份）','<div class=\"content\">\r\n\t\t\t\t<div class=\"script-append\">\r\n\t\t\t\t\t<script src=\"https://res.purcotton.com//mres/res/mall/js/commodity/commodity_790.js\"></script><div><img class=\"goods-notice\" style=\"vertical-align:middle;\" src=\"https://res.purcotton.com/base/images/goods-notice-pc.jpg?v=201802110943\"></div>\r\n\t\t\t\t</div>\r\n\t\t\t\t<!-- mc上传商品的具体信息 -->\r\n\t\t\t\t<div class=\"upload\">\r\n\t\t\t\t\t<p>\r\n\t<img alt=\"\" src=\"https://res.purcotton.com//images/commodity/002010009/80000000/002000001384/ckeditor/E63CD5AC361A9B15CDC6B5DE382E5DD9.jpg\"><img alt=\"\" src=\"https://res.purcotton.com//images/commodity/002010009/80000000/002000001384/ckeditor/645834B99E2C16BBF6642E9BFA86B3DE.jpg\"><img alt=\"\" src=\"https://res.purcotton.com//images/commodity/002010009/80000000/002000001384/ckeditor/AC0024704E484B28C897B6A0CFE83199.jpg\"><img alt=\"\" src=\"https://res.purcotton.com//images/commodity/002010009/80000000/002000001384/ckeditor/2F6C7281DB84924802D07A0BBDE9D55A.jpg\"><img alt=\"\" src=\"https://res.purcotton.com//images/commodity/002010009/80000000/002000001384/ckeditor/37BD2AEADB8B6F842BD6263C3F089789.jpg\"><img alt=\"\" src=\"https://res.purcotton.com//images/commodity/002010009/80000000/002000001384/ckeditor/056DC542CE9505A62880BEDE009CDDA7.jpg\"><img alt=\"\" src=\"https://res.purcotton.com//images/commodity/002010009/80000000/002000001384/ckeditor/8E311DBC3E38A89FAD273EE83244F928.jpg\"><img alt=\"\" src=\"https://res.purcotton.com//images/commodity/002010009/80000000/002000001384/ckeditor/16AD3FB6F8978B6DFAFEB75E9D131436.jpg\"><img alt=\"\" src=\"https://res.purcotton.com//images/commodity/002010009/80000000/002000001384/ckeditor/27586CF62EBBF9AB6191F1C96D8C7892.jpg\"><img alt=\"\" src=\"https://res.purcotton.com//images/commodity/002010009/80000000/002000001384/ckeditor/2CFA25A9266FF17B2F0FB2159A168931.jpg\"></p>\r\n\r\n\t\t\t\t</div><!-- upload end -->\r\n\t\t\t</div>','398','398',1230,2360,'2018-12-19 18:30:00','1',7,0),(2,'幼儿纱布床品7件套件（带被芯）幼儿床适用， 1套装','https://res.purcotton.com//images/commodity/002011002/80000000/002000001378/10000001_00000695/62C44938FF4B0D57DB31EFEC869AF7C5.jpg_350x350.jpg','透气-优质纱布面料， 舒适透气， 让宝宝享受高质量睡眠。','【限时活动】圣诞欢乐颂到手价5折起【满赠】圣诞节全场单笔满338送卫生巾2包，满468送汗巾3条，满658送书籍1本（单笔订单限赠1份）','<div class=\"content\" style=\"display: block;\">\r\n\t\t\t\t<div class=\"script-append\">\r\n\t\t\t\t\t<script src=\"https://res.purcotton.com//mres/res/mall/js/commodity/commodity_790.js\"></script><div><img class=\"goods-notice\" style=\"vertical-align:middle;\" src=\"https://res.purcotton.com/base/images/goods-notice-pc.jpg?v=201802110943\"></div>\r\n\t\t\t\t</div>\r\n\t\t\t\t<!-- mc上传商品的具体信息 -->\r\n\t\t\t\t<div class=\"upload\">\r\n\t\t\t\t\t<p>\r\n\t<img alt=\"\" src=\"https://res.purcotton.com//images/commodity/002011002/80000000/002000001378/ckeditor/494BCB2D7077F847320FDCDDA83F96AD.jpg\"><img alt=\"\" src=\"https://res.purcotton.com//images/commodity/002011002/80000000/002000001378/ckeditor/B8B20B219C0120ABFB1A7D097D8F7336.jpg\"><img alt=\"\" src=\"https://res.purcotton.com//images/commodity/002011002/80000000/002000001378/ckeditor/4EB13DA1DE86B5BB053C5B372BBD80D3.jpg\"><img alt=\"\" src=\"https://res.purcotton.com//images/commodity/002011002/80000000/002000001378/ckeditor/30094A97DE82EDB7D885CA4BA2B8F6C8.jpg\"><img alt=\"\" src=\"https://res.purcotton.com//images/commodity/002011002/80000000/002000001378/ckeditor/F3DC3BCCE1EBC2A9AF00576C3E6CD683.jpg\"><img alt=\"\" src=\"https://res.purcotton.com//images/commodity/002011002/80000000/002000001378/ckeditor/087DCB75B776EB246466D00F946BBFD9.jpg\"><img alt=\"\" src=\"https://res.purcotton.com//images/commodity/002011002/80000000/002000001378/ckeditor/634235846DE3B7A35C9255B255AE498E.jpg\"><img alt=\"\" src=\"https://res.purcotton.com//images/commodity/002011002/80000000/002000001378/ckeditor/8FFD5CE20AC1996530C6E3587DAFDEC4.jpg\"><img alt=\"\" src=\"https://res.purcotton.com//images/commodity/002011002/80000000/002000001378/ckeditor/48BFB34DBC2CC0437C11BCA4C836FF3C.jpg\"></p>\r\n\r\n\t\t\t\t</div><!-- upload end -->\r\n\t\t\t</div>','1568','1019.2',1020,2323,'2018-12-18 18:30:00','1',7,0),(4,'盒装水洗纱布面巾25x50-5P,3片/盒(水洗后成型尺寸)','https://res.purcotton.com//images/commodity/002004001/80000000/002000000276/10000001_00000607/3C9E19B7D6BA02964C19E6476E79FFD9.jpg_350x350.jpg','纯棉5层纱布吸水迅速 易洗易干','【满折】棉苗会员正价商品92折，棉桃会员88折，棉花会员85折【满赠】圣诞节全场单笔满338送卫生巾2包，满468送汗巾3条，满658送书籍1本（单笔订单限赠1份）','<div class=\"content\">\r\n\t\t\t\t<div class=\"script-append\">\r\n\t\t\t\t\t<script src=\"https://res.purcotton.com//mres/res/mall/js/commodity/commodity_790.js\"></script><div><img class=\"goods-notice\" style=\"vertical-align:middle;\" src=\"https://res.purcotton.com/base/images/goods-notice-pc.jpg?v=201802110943\"></div>\r\n\t\t\t\t</div>\r\n\t\t\t\t<!-- mc上传商品的具体信息 -->\r\n\t\t\t\t<div class=\"upload\">\r\n\t\t\t\t\t<p>\r\n\t<img alt=\"\" src=\"https://res.purcotton.com//images/commodity/002004001/80000000/002000000276/ckeditor/5D6DFDB950F32D945E7AFB882ADC7BCE.jpg\"><img alt=\"\" src=\"https://res.purcotton.com//images/commodity/002004001/80000000/002000000276/ckeditor/75B228E82946264F3FB200E4E094AE53.jpg\"><img alt=\"\" src=\"https://res.purcotton.com//images/commodity/002004001/80000000/002000000276/ckeditor/B8C7E1B36E9C5B1BC28253FEF24B9A5B.jpg\"><img alt=\"\" src=\"https://res.purcotton.com//images/commodity/002004001/80000000/002000000276/ckeditor/4FDFC6544B6D075D14613DE357C716FE.jpg\"><img alt=\"\" src=\"https://res.purcotton.com//images/commodity/002004001/80000000/002000000276/ckeditor/AEF108863B9854C5CD5505E224E7943B.jpg\"><img alt=\"\" src=\"https://res.purcotton.com//images/commodity/002004001/80000000/002000000276/ckeditor/21BE0B9EE77AB482C7CDE00D8BEBC6B3.jpg\"><img alt=\"\" src=\"https://res.purcotton.com//images/commodity/002004001/80000000/002000000276/ckeditor/F8EF07C239DBB2793C44B68FC7FE23BE.jpg\"><img alt=\"\" src=\"https://res.purcotton.com//images/commodity/002004001/80000000/002000000276/ckeditor/E666DCA2DF62A89C8121B6D83CC73170.jpg\"></p>\r\n\r\n\t\t\t\t</div><!-- upload end -->\r\n\t\t\t</div>','98','98',0,4998,'2018-12-20 18:30:00','1',6,0);

#
# Structure for table "goods_cate"
#

CREATE TABLE `goods_cate` (
  `id` int(11) NOT NULL AUTO_INCREMENT,
  `name` varchar(20) NOT NULL DEFAULT '',
  `p_cate_id` int(11) DEFAULT NULL,
  PRIMARY KEY (`id`)
) ENGINE=InnoDB AUTO_INCREMENT=15 DEFAULT CHARSET=utf8;

#
# Data for table "goods_cate"
#

INSERT INTO `goods_cate` VALUES (1,'婴童',NULL),(2,'女士',NULL),(3,'家居',NULL),(4,'男士',NULL),(5,'婴童护理',1),(6,'婴童卫浴',1),(7,'婴童床品',1),(8,'婴童服装(0-1岁)',1),(9,'婴童服装(1-4岁)',1),(10,'婴童服装(4岁以上) ',1),(11,'婴童服饰',1),(12,'女士服装服饰',2),(13,'美容用品',2),(14,'女士卫生用品',2),(15,'孕产用品',2),(16,'厨房用品',3),(17,'床上用品',3),(18,'护理用品',3),(19,'旅游户外',3),(20,'收纳用品',3),(21,'卫浴用品',3),(22,'其它',3),(23,'男士服装服饰',4),(24,'男士卫生用品',4);

#
# Structure for table "goods_color"
#

CREATE TABLE `goods_color` (
  `id` int(11) NOT NULL AUTO_INCREMENT,
  `color` varchar(255) NOT NULL DEFAULT '',
  `gid` int(11) NOT NULL DEFAULT '0',
  PRIMARY KEY (`id`)
) ENGINE=MyISAM AUTO_INCREMENT=4 DEFAULT CHARSET=utf8;

#
# Data for table "goods_color"
#

INSERT INTO `goods_color` VALUES (1,'星际呦呦',1),(2,'森林乐章',1),(3,'绿底白树',1);

#
# Structure for table "goods_img"
#

CREATE TABLE `goods_img` (
  `id` int(11) NOT NULL AUTO_INCREMENT,
  `small_img` varchar(255) NOT NULL DEFAULT '',
  `big_img` varchar(255) NOT NULL DEFAULT '',
  `gid` varchar(255) NOT NULL DEFAULT '',
  PRIMARY KEY (`id`)
) ENGINE=MyISAM AUTO_INCREMENT=3 DEFAULT CHARSET=utf8;

#
# Data for table "goods_img"
#

INSERT INTO `goods_img` VALUES (1,'https://res.purcotton.com//images/commodity/002011002/80000000/002000001378/10000001_00000695/62C44938FF4B0D57DB31EFEC869AF7C5.jpg_100x100.jpg','https://res.purcotton.com//images/commodity/002011002/80000000/002000001378/10000001_00000695/E3855E8AE1DCAF5ED11250CCAA0C7DF1.jpg_750x600.jpg','2'),(2,'https://res.purcotton.com//images/commodity/002011002/80000000/002000001378/10000001_00000695/D1F57051FAB232B135C203D9F0ADCD47.jpg_100x100.jpg','https://res.purcotton.com//images/commodity/002011002/80000000/002000001378/10000001_00000695/D1F57051FAB232B135C203D9F0ADCD47.jpg_750x600.jpg','2');

#
# Structure for table "goods_size"
#

CREATE TABLE `goods_size` (
  `id` int(11) NOT NULL AUTO_INCREMENT,
  `size` varchar(255) NOT NULL DEFAULT '',
  `gid` int(11) NOT NULL DEFAULT '0',
  PRIMARY KEY (`id`)
) ENGINE=MyISAM AUTO_INCREMENT=2 DEFAULT CHARSET=utf8;

#
# Data for table "goods_size"
#

INSERT INTO `goods_size` VALUES (1,'幼儿床适用',2);

#
# Structure for table "news"
#

CREATE TABLE `news` (
  `id` int(11) NOT NULL AUTO_INCREMENT,
  `title` varchar(255) NOT NULL DEFAULT '',
  `ctime` varchar(255) NOT NULL DEFAULT '',
  `icon` varchar(255) NOT NULL DEFAULT '',
  `description` varchar(255) NOT NULL DEFAULT '',
  `content` text NOT NULL,
  `views` int(11) NOT NULL DEFAULT '0',
  `del_state` tinyint(3) NOT NULL DEFAULT '0',
  `cate_id` int(11) NOT NULL DEFAULT '0',
  PRIMARY KEY (`id`)
) ENGINE=MyISAM AUTO_INCREMENT=5 DEFAULT CHARSET=utf8;

#
# Data for table "news"
#

INSERT INTO `news` VALUES (1,'华为旗舰从4199到800也没人买？用户：老余贼尴尬！','2018-12-18 12:12:13','https://m.360buyimg.com/mobilecms/s460x300_jfs/t1/7963/22/8242/69293/5c0b8ed6Eece81a99/826842f8f0dbe29d.jpg!q70.jpg','华为手机从曾经的“中华酷联”时代到现在的“华米OV”时代，一步步走向了国产大哥的存在。如今的华为旗下的产品受到了国内外手机用户的认可，在通讯技术上也有了不小的成就。这都得益于这些年来华为在技术研发上的巨大投入和努力，才有了今天的这些成果。但是价值提升了，华为的手机也越来越贵了。','<div class=\"_3DxVSWjoqsghQdmNPYtFxK _2RXg7l_BWEMqTnH7z_3eXh\"><div class=\"_6KXjmZXt4URp4NonrOWFB\"><div class=\"_2HOCMwa4f5nu5ghetrumiN\"><div class=\"_2CD7_2MZBYElpXw5FMiwuK\"><h3 clstag=\"newstxt|main_a\">华为旗舰从4199到800也没人买？用户：老余贼尴尬！</h3></div><div class=\"undefined\"><div class=\"undefined\"><div class=\"_3VbmUI3ZuVpoS7-YNYXcJo c7DNzkcG7rbA6gFkZPklM zG7SQS_t1_Jg1IV2xtbo_\"><img src=\"//m.360buyimg.com/mobilecms/jfs/t17707/53/1797412963/89469/822356b1/5ad5d1a5N5cb28cbb.jpg!q70.jpg\" data-lazy-src=\"//m.360buyimg.com/mobilecms/jfs/t17707/53/1797412963/89469/822356b1/5ad5d1a5N5cb28cbb.jpg!q70.jpg\" class=\"_1ly13xh54Zg8BuvNqyKAZW\" alt=\"加载图\"></div><div class=\"_3Z3585d03aL1refvDecItG\">MrSix</div></div></div></div></div><div class=\"yCtYoR9aaUJ6gLLeZpGlr\"><p class=\"_1KzSpgz7dV2fQi0DA7rBNO ekdgpaS7Doc3bGdSvcWwK\">华为手机从曾经的“中华酷联”时代到现在的“华米OV”时代，一步步走向了国产大哥的存在。如今的华为旗下的产品受到了国内外手机用户的认可，在通讯技术上也有了不小的成就。这都得益于这些年来华为在技术研发上的巨大投入和努力，才有了今天的这些成果。但是价值提升了，华为的手机也越来越贵了。</p><div class=\"_1KzSpgz7dV2fQi0DA7rBNO _37gzSu5Hae3LGdP4jdoYRh\"><div class=\"_3VbmUI3ZuVpoS7-YNYXcJo c7DNzkcG7rbA6gFkZPklM\"><img src=\"//m.360buyimg.com/mobilecms/s1026x739_jfs/t1/28214/33/641/79054/5c0b8ef2E6b62b1ef/9388db85f1d9dc68.jpg!q70.jpg\" data-lazy-src=\"//m.360buyimg.com/mobilecms/s1026x739_jfs/t1/28214/33/641/79054/5c0b8ef2E6b62b1ef/9388db85f1d9dc68.jpg!q70.jpg\" class=\"_1ly13xh54Zg8BuvNqyKAZW\" alt=\"加载图\" clstag=\"newstxt|main_c01\"></div></div><p class=\"_1KzSpgz7dV2fQi0DA7rBNO ekdgpaS7Doc3bGdSvcWwK\">都说从前没钱买华为，现在还是没钱买华为，因为现在的华为旗舰确实变贵了。华为从一开始走的就是高端路线，针对的目标用户是高端商务人群，所以手机一开始就不算是很便宜，现在质量性能和外观都提升了，高端品牌有溢价也是正常的。</p><div class=\"_1KzSpgz7dV2fQi0DA7rBNO _37gzSu5Hae3LGdP4jdoYRh\"><div class=\"_3VbmUI3ZuVpoS7-YNYXcJo c7DNzkcG7rbA6gFkZPklM\"><img src=\"//m.360buyimg.com/mobilecms/s1026x684_jfs/t1/27349/9/688/93898/5c0b8f02E9e3b0950/fd84296cd0e51d7d.jpg!q70.jpg\" data-lazy-src=\"//m.360buyimg.com/mobilecms/s1026x684_jfs/t1/27349/9/688/93898/5c0b8f02E9e3b0950/fd84296cd0e51d7d.jpg!q70.jpg\" class=\"_1ly13xh54Zg8BuvNqyKAZW\" alt=\"加载图\" clstag=\"newstxt|main_c02\"></div></div><p class=\"_1KzSpgz7dV2fQi0DA7rBNO ekdgpaS7Doc3bGdSvcWwK\">虽然现在的华为手机变贵了，但销量上并不少，可见除了目标用户，其他的很多消费者也都认可了华为。对溢价的宽容是因为华为的旗舰机性能确实强，质量对得起价格，比如今年的Mate20系列，还有P20系列，在性能配置和外观设计方面都是顶级旗舰的水准。</p><div class=\"_1KzSpgz7dV2fQi0DA7rBNO _37gzSu5Hae3LGdP4jdoYRh\"><div class=\"_3VbmUI3ZuVpoS7-YNYXcJo c7DNzkcG7rbA6gFkZPklM\"><img src=\"//m.360buyimg.com/mobilecms/jfs/t1/28285/36/670/169637/5c0b8f13E705582c8/6bdf5f9029e4356f.jpg!q70.jpg\" data-lazy-src=\"//m.360buyimg.com/mobilecms/jfs/t1/28285/36/670/169637/5c0b8f13E705582c8/6bdf5f9029e4356f.jpg!q70.jpg\" class=\"_1ly13xh54Zg8BuvNqyKAZW\" alt=\"加载图\" clstag=\"newstxt|main_c03\"></div></div><p class=\"_1KzSpgz7dV2fQi0DA7rBNO ekdgpaS7Doc3bGdSvcWwK\">但凡事总有例外，华为的旗舰也不是每一款都物有所值，也不是每一款消费者都能容忍它的高价，比如在2015年的9月份上市的华为MateS。这款手机的上市价是4199元，但是现在跌到了949元，但是尽管跌到了百元机的价位，但是却依然没人乐意买了用。</p><div class=\"_1KzSpgz7dV2fQi0DA7rBNO _37gzSu5Hae3LGdP4jdoYRh\"><div class=\"_3VbmUI3ZuVpoS7-YNYXcJo c7DNzkcG7rbA6gFkZPklM\"><img src=\"//m.360buyimg.com/mobilecms/s800x600_jfs/t1/24727/1/662/250046/5c0b8f22E96629a77/ef5772789d750b1a.jpg!q70.jpg\" data-lazy-src=\"//m.360buyimg.com/mobilecms/s800x600_jfs/t1/24727/1/662/250046/5c0b8f22E96629a77/ef5772789d750b1a.jpg!q70.jpg\" class=\"_1ly13xh54Zg8BuvNqyKAZW\" alt=\"加载图\" clstag=\"newstxt|main_c04\"></div></div><p class=\"_1KzSpgz7dV2fQi0DA7rBNO ekdgpaS7Doc3bGdSvcWwK\">华为MateS搭载的是麒麟935处理器，3+64G内存醋和，采用的是5.5英寸的2.5D弧面显示屏，外观上还是以前华为旗舰的风格，满满的商务风。另外，这款手机在拍照功能上采用的是前置800万，后置1300万单摄，虽然不强，但是对于当时来讲还算不错，这款手机还采用了升级版指纹识别，解锁更快。</p><div class=\"_1KzSpgz7dV2fQi0DA7rBNO _37gzSu5Hae3LGdP4jdoYRh\"><div class=\"_3VbmUI3ZuVpoS7-YNYXcJo c7DNzkcG7rbA6gFkZPklM\"><img src=\"//m.360buyimg.com/mobilecms/s1026x660_jfs/t1/25059/28/621/181809/5c0b8f32E92c181e8/85b556231d4d7f37.jpg!q70.jpg\" data-lazy-src=\"//m.360buyimg.com/mobilecms/s1026x660_jfs/t1/25059/28/621/181809/5c0b8f32E92c181e8/85b556231d4d7f37.jpg!q70.jpg\" class=\"_1ly13xh54Zg8BuvNqyKAZW\" alt=\"加载图\" clstag=\"newstxt|main_c05\"></div></div><p class=\"_1KzSpgz7dV2fQi0DA7rBNO ekdgpaS7Doc3bGdSvcWwK\">这款手机在当时算是不错的，但是现在的华为不是三年前的华为能比的，不管是品牌影响力还是手机的知名度，4199元的价格确实有点高了。这款手机的定价让它成为了华为最尴尬的一款旗舰，15年的时候正是iPhone 6sP开售，两种高端品牌一对比，消费者肯定会倾向于苹果手机一些。</p><div class=\"_1KzSpgz7dV2fQi0DA7rBNO _37gzSu5Hae3LGdP4jdoYRh\"><div class=\"_3VbmUI3ZuVpoS7-YNYXcJo c7DNzkcG7rbA6gFkZPklM\"><img src=\"//m.360buyimg.com/mobilecms/s1026x631_jfs/t1/24442/37/662/148910/5c0b8f42E5b9cf618/91d9816ba2cee1f2.jpg!q70.jpg\" data-lazy-src=\"//m.360buyimg.com/mobilecms/s1026x631_jfs/t1/24442/37/662/148910/5c0b8f42E5b9cf618/91d9816ba2cee1f2.jpg!q70.jpg\" class=\"_1ly13xh54Zg8BuvNqyKAZW\" alt=\"加载图\" clstag=\"newstxt|main_c06\"></div></div><p class=\"_1KzSpgz7dV2fQi0DA7rBNO ekdgpaS7Doc3bGdSvcWwK\">很多网友对于这款手机的评价也是一针见血。当时的华为手机是支撑不起这么高的定价的，买的人数可想而知，再看看同期上市的iPhone 6sP，现在的售价还在3000左右，就知道当年的华为手机和苹果差距有多大了，虽然现在已经缩小甚至赶超，但华为还需要再接再厉。</p></div></div>',0,0,2),(2,'荣耀V20来袭，挖孔屏＋4800万单摄，但售价吃不消啊','2018-12-18 12:12:15','https://m.360buyimg.com/mobilecms/s460x300_jfs/t1/18250/13/1277/105469/5c10df0bEe5d3369d/a68ee70e8f908a7f.jpeg!q70.jpg','18年已经接近年底了，各大手机厂商并没有停止发布新机的频率，反而想要抓住年底的机会，再次发布一波新机，为自己的18年画上一个完美的句号。而18年底的手机之争简直就是一场挖孔屏手机的战争，据目前公布的消息，在12月份，三星、华为、联想都会正式发布于挖孔屏手机，全面屏手机似乎要向挖孔屏方面发展了。','<div class=\"_3DxVSWjoqsghQdmNPYtFxK _2RXg7l_BWEMqTnH7z_3eXh\"><div class=\"_6KXjmZXt4URp4NonrOWFB\"><div class=\"_2HOCMwa4f5nu5ghetrumiN\"><div class=\"_2CD7_2MZBYElpXw5FMiwuK\"><h3 clstag=\"newstxt|main_a\">荣耀V20来袭，挖孔屏＋4800万单摄，但售价吃不消啊</h3></div><div class=\"undefined\"><div class=\"undefined\"><div class=\"_3VbmUI3ZuVpoS7-YNYXcJo c7DNzkcG7rbA6gFkZPklM zG7SQS_t1_Jg1IV2xtbo_\"><img src=\"//m.360buyimg.com/mobilecms/jfs/t16156/280/531365076/20691/69f1b1da/5a34d5f8Nd96be00d.jpg!q70.jpg\" data-lazy-src=\"//m.360buyimg.com/mobilecms/jfs/t16156/280/531365076/20691/69f1b1da/5a34d5f8Nd96be00d.jpg!q70.jpg\" class=\"_1ly13xh54Zg8BuvNqyKAZW\" alt=\"加载图\"></div><div class=\"_3Z3585d03aL1refvDecItG\">Alpha科技</div></div></div></div></div><div class=\"yCtYoR9aaUJ6gLLeZpGlr\"><p class=\"_1KzSpgz7dV2fQi0DA7rBNO ekdgpaS7Doc3bGdSvcWwK\">18年已经接近年底了，各大手机厂商并没有停止发布新机的频率，反而想要抓住年底的机会，再次发布一波新机，为自己的18年画上一个完美的句号。而18年底的手机之争简直就是一场挖孔屏手机的战争，据目前公布的消息，在12月份，三星、华为、联想都会正式发布于挖孔屏手机，全面屏手机似乎要向挖孔屏方面发展了。</p><div class=\"_1KzSpgz7dV2fQi0DA7rBNO _37gzSu5Hae3LGdP4jdoYRh\"><div class=\"_3VbmUI3ZuVpoS7-YNYXcJo c7DNzkcG7rbA6gFkZPklM\"><img src=\"//m.360buyimg.com/mobilecms/s795x1026_jfs/t1/26798/6/1280/273070/5c10df1dE1be894ae/073de4c84bbb56a5.jpg!q70.jpg\" data-lazy-src=\"//m.360buyimg.com/mobilecms/s795x1026_jfs/t1/26798/6/1280/273070/5c10df1dE1be894ae/073de4c84bbb56a5.jpg!q70.jpg\" class=\"_1ly13xh54Zg8BuvNqyKAZW\" alt=\"加载图\" clstag=\"newstxt|main_c01\"></div></div><p class=\"_1KzSpgz7dV2fQi0DA7rBNO ekdgpaS7Doc3bGdSvcWwK\">而在近日，荣耀官方也正式官宣了，将在12月26日正式发布荣耀V20。不出所料，这款新机也采用了挖孔屏设计，而且和华为nova 4彻底撞机了，同样都是将挖孔屏设计在了屏幕最上角，而且外观设计非常详细，简直就是一个模子里刻出来的。</p><div class=\"_1KzSpgz7dV2fQi0DA7rBNO _37gzSu5Hae3LGdP4jdoYRh\"><div class=\"_3VbmUI3ZuVpoS7-YNYXcJo c7DNzkcG7rbA6gFkZPklM\"><img src=\"//m.360buyimg.com/mobilecms/s774x1026_jfs/t1/6166/36/9121/271835/5c10df2cE4f51c9e2/f9f9493b5a7508ab.jpg!q70.jpg\" data-lazy-src=\"//m.360buyimg.com/mobilecms/s774x1026_jfs/t1/6166/36/9121/271835/5c10df2cE4f51c9e2/f9f9493b5a7508ab.jpg!q70.jpg\" class=\"_1ly13xh54Zg8BuvNqyKAZW\" alt=\"加载图\" clstag=\"newstxt|main_c02\"></div></div><p class=\"_1KzSpgz7dV2fQi0DA7rBNO ekdgpaS7Doc3bGdSvcWwK\">虽然外观相似，但荣耀V20却是首款搭载Link Turbo技术的手机，能够智能检测网络拥塞情况，同时同步使用或者切换Wi-Fi/4G网络，让手机永远处于一个不断网的状态。当然了，这个技术虽然看上去确实很厉害，但我个人觉得实用性一般，有些鸡肋。</p><div class=\"_1KzSpgz7dV2fQi0DA7rBNO _37gzSu5Hae3LGdP4jdoYRh\"><div class=\"_3VbmUI3ZuVpoS7-YNYXcJo c7DNzkcG7rbA6gFkZPklM\"><img src=\"//m.360buyimg.com/mobilecms/s775x1026_jfs/t1/22815/2/1266/238514/5c10df3eEc0ad9518/fd98e6feecfac242.jpg!q70.jpg\" data-lazy-src=\"//m.360buyimg.com/mobilecms/s775x1026_jfs/t1/22815/2/1266/238514/5c10df3eEc0ad9518/fd98e6feecfac242.jpg!q70.jpg\" class=\"_1ly13xh54Zg8BuvNqyKAZW\" alt=\"加载图\" clstag=\"newstxt|main_c03\"></div></div><p class=\"_1KzSpgz7dV2fQi0DA7rBNO ekdgpaS7Doc3bGdSvcWwK\">不得值得称赞的是荣耀V20的后置主摄像头采用了索尼IMX586，像素高达4800万，分辨率更是达到8000x6000。不出意外的话，荣耀V20将会是首款4800万像素手机。这也就意味着荣耀V20的拍照能力不会弱与华为nova 4。毕竟从各方面的爆料来看，华为nova 4将会采用与mate20相似的摄像头设计。</p><div class=\"_1KzSpgz7dV2fQi0DA7rBNO _37gzSu5Hae3LGdP4jdoYRh\"><div class=\"_3VbmUI3ZuVpoS7-YNYXcJo c7DNzkcG7rbA6gFkZPklM\"><img src=\"//m.360buyimg.com/mobilecms/s1026x795_jfs/t1/11889/2/2098/119222/5c10df57E285081ae/a70dfa1d3248a49a.jpeg!q70.jpg\" data-lazy-src=\"//m.360buyimg.com/mobilecms/s1026x795_jfs/t1/11889/2/2098/119222/5c10df57E285081ae/a70dfa1d3248a49a.jpeg!q70.jpg\" class=\"_1ly13xh54Zg8BuvNqyKAZW\" alt=\"加载图\" clstag=\"newstxt|main_c04\"></div></div><p class=\"_1KzSpgz7dV2fQi0DA7rBNO ekdgpaS7Doc3bGdSvcWwK\">至于在售价方面，想必大家都知道，荣耀虽然属于华为旗下的，但相比华为手机，荣耀的售价相对都会便宜一些，所以我觉得此次的荣耀V20在售价方面，可能会相比华为nova 4更便宜。不过考虑到首批挖孔屏手机，以及首款4800万单摄手机的关系，荣耀V20以及华为nova 4两款手机的售价都会远高于上一代，一般的学生党和工薪党就别考虑了。</p></div></div>',0,0,2),(3,'微信支付新规定：12月18开始实行细则，再见了微信','2018-12-18 12:12:22','https://m.360buyimg.com/mobilecms/s460x300_jfs/t1/29055/14/258/87314/5c088345E709304c2/49e9d4b2edd8a1f0.jpg!q70.jpg','大家都很清楚，现在对于中国来说最重要且流行的聊天工具就是微信了，对于早期来说，微信还没有这么盛行，而是腾讯qq独占鳌头。年轻人中更是火热。但是随着时间的流逝，微信的出现和qq功能的缺失让它开始被使用。和qq不同的是微信更加方便与快捷，同时微信红包更让大众喜爱。迄今为止，国外也有很多人正在使用微信，据数据显示，使用微信的用户已经达到10.8亿。','<div class=\"_3DxVSWjoqsghQdmNPYtFxK _2RXg7l_BWEMqTnH7z_3eXh\"><div class=\"_6KXjmZXt4URp4NonrOWFB\"><div class=\"_2HOCMwa4f5nu5ghetrumiN\"><div class=\"_2CD7_2MZBYElpXw5FMiwuK\"><h3 clstag=\"newstxt|main_a\">微信支付新规定：12月18开始实行细则，再见了微信</h3></div><div class=\"undefined\"><div class=\"undefined\"><div class=\"_3VbmUI3ZuVpoS7-YNYXcJo c7DNzkcG7rbA6gFkZPklM zG7SQS_t1_Jg1IV2xtbo_\"><img src=\"//m.360buyimg.com/mobilecms/jfs/t19786/100/921439459/65023/f28eb3ea/5aaf8cbdnf4e15e37.jpg!q70.jpg\" data-lazy-src=\"//m.360buyimg.com/mobilecms/jfs/t19786/100/921439459/65023/f28eb3ea/5aaf8cbdnf4e15e37.jpg!q70.jpg\" class=\"_1ly13xh54Zg8BuvNqyKAZW\" alt=\"加载图\"></div><div class=\"_3Z3585d03aL1refvDecItG\">安琪儿芬</div></div></div></div></div><div class=\"yCtYoR9aaUJ6gLLeZpGlr\"><p class=\"_1KzSpgz7dV2fQi0DA7rBNO ekdgpaS7Doc3bGdSvcWwK\">大家都很清楚，现在对于中国来说最重要且流行的聊天工具就是微信了，对于早期来说，微信还没有这么盛行，而是腾讯qq独占鳌头。年轻人中更是火热。但是随着时间的流逝，微信的出现和qq功能的缺失让它开始被使用。和qq不同的是微信更加方便与快捷，同时微信红包更让大众喜爱。迄今为止，国外也有很多人正在使用微信，据数据显示，使用微信的用户已经达到10.8亿。</p><div class=\"_1KzSpgz7dV2fQi0DA7rBNO _37gzSu5Hae3LGdP4jdoYRh\"><div class=\"_3VbmUI3ZuVpoS7-YNYXcJo c7DNzkcG7rbA6gFkZPklM\"><img src=\"//m.360buyimg.com/mobilecms/s1026x581_jfs/t1/20314/38/276/60620/5c088356E4747531f/6429f194e58b61de.jpg!q70.jpg\" data-lazy-src=\"//m.360buyimg.com/mobilecms/s1026x581_jfs/t1/20314/38/276/60620/5c088356E4747531f/6429f194e58b61de.jpg!q70.jpg\" class=\"_1ly13xh54Zg8BuvNqyKAZW\" alt=\"加载图\" clstag=\"newstxt|main_c01\"></div></div><p class=\"_1KzSpgz7dV2fQi0DA7rBNO ekdgpaS7Doc3bGdSvcWwK\">其中微信的方便在于不管是聊天还是办公或是资金转移都能轻易做到，这也让微信的支付方面感觉到了压力，每天产生的交易额过大过多，因此专业人士开始执行了惊人的手续费，一方面维护微信的秩序，另一方面也是为了后期员工能够让他们的工作得到一定的价值体现。</p><div class=\"_1KzSpgz7dV2fQi0DA7rBNO _37gzSu5Hae3LGdP4jdoYRh\"><div class=\"_3VbmUI3ZuVpoS7-YNYXcJo c7DNzkcG7rbA6gFkZPklM\"><img src=\"//m.360buyimg.com/mobilecms/s984x596_jfs/t1/27694/32/279/45469/5c088388E1edf67e9/471c812fbc8ade13.jpg!q70.jpg\" data-lazy-src=\"//m.360buyimg.com/mobilecms/s984x596_jfs/t1/27694/32/279/45469/5c088388E1edf67e9/471c812fbc8ade13.jpg!q70.jpg\" class=\"_1ly13xh54Zg8BuvNqyKAZW\" alt=\"加载图\" clstag=\"newstxt|main_c02\"></div></div><p class=\"_1KzSpgz7dV2fQi0DA7rBNO ekdgpaS7Doc3bGdSvcWwK\">在今年的8月1开始，微信信用卡每笔就加了0.1％的手续费，很多微信用户开始抗议。官方表示，每一笔转账都需要通道手续费，而为让广大用户享受免费的产品体验，腾讯充当其中的媒介，进行手续补贴。同时，官方也表示，微信支付将有新规定，那就是《关于向民生银行卡提现、以及转账到民生银行卡收费规则调整的说明》。基于成本压力，从12月18开始，将在0.1％的基础上增加0.05％的附加费，单笔服务费不足0.15的，将按0.15元收取。</p><div class=\"_1KzSpgz7dV2fQi0DA7rBNO _37gzSu5Hae3LGdP4jdoYRh\"><div class=\"_3VbmUI3ZuVpoS7-YNYXcJo c7DNzkcG7rbA6gFkZPklM\"><img src=\"//m.360buyimg.com/mobilecms/s562x365_jfs/t1/7660/6/7886/284854/5c088431E516cf1e2/43b7bee27e0e523f.png!q70.jpg\" data-lazy-src=\"//m.360buyimg.com/mobilecms/s562x365_jfs/t1/7660/6/7886/284854/5c088431E516cf1e2/43b7bee27e0e523f.png!q70.jpg\" class=\"_1ly13xh54Zg8BuvNqyKAZW\" alt=\"加载图\" clstag=\"newstxt|main_c03\"></div></div><div class=\"_1KzSpgz7dV2fQi0DA7rBNO _2d4X0kM5O2Sis-q-gexdMD\"><a class=\"_38W8GE7s-FxeUGvitLPOQ0\" href=\"//item.jd.com/7437788.html\" clstag=\"newstxt|main_b01\" data-log-text=\"小米8 全面屏游戏智能手机 6GB+64GB 黑色 全网通4G 双卡双待\" data-log-url=\"//item.jd.com/7437788.html\" data-log-mcinfo=\"03-150865815-7437788-2499.00\" target=\"_blank\"></a><div class=\"_3VbmUI3ZuVpoS7-YNYXcJo c7DNzkcG7rbA6gFkZPklM _2QOe7CRdCZXEW0hXyKN0IP\"><img src=\"//m.360buyimg.com/mobilecms/jfs/t19912/33/927199229/297549/8c269ff0/5b0fca0fN8d5600df.jpg!q70.jpg\" data-lazy-src=\"//m.360buyimg.com/mobilecms/jfs/t19912/33/927199229/297549/8c269ff0/5b0fca0fN8d5600df.jpg!q70.jpg\" class=\"_1ly13xh54Zg8BuvNqyKAZW\" alt=\"\"></div><div class=\"_21vNoNqRXSqfRyx53IR4Rr\"><div class=\"_1RUUfjmHgxrJ2yXlNcpeHh\">小米8 全面屏游戏智能手机 6GB+64GB 黑色 全网通4G 双卡双待</div><div class=\"_2Hg6ljEuHJtVSwMKVZ1GDi\"><span class=\"_3Lh5MwApUy92am_kTf69Va\">￥</span> 2499.00</div><div class=\"_1sDE6qVpmCbYrXQhjmX51X\"><button class=\"_2F_I9LI9rVM8V94OlAS981\">立即购买</button></div></div></div><div class=\"_1KzSpgz7dV2fQi0DA7rBNO _2d4X0kM5O2Sis-q-gexdMD\"><a class=\"_38W8GE7s-FxeUGvitLPOQ0\" href=\"//item.jd.com/7321794.html\" clstag=\"newstxt|main_b02\" data-log-text=\"华为 HUAWEI P20 AI智慧徕卡双摄全面屏游戏手机 6GB+64GB 极光色 全网通移动联通电信4G手机 双卡双待\" data-log-url=\"//item.jd.com/7321794.html\" data-log-mcinfo=\"03-150865815-7321794-3388.00\" target=\"_blank\"></a><div class=\"_3VbmUI3ZuVpoS7-YNYXcJo c7DNzkcG7rbA6gFkZPklM _2QOe7CRdCZXEW0hXyKN0IP\"><img src=\"//m.360buyimg.com/mobilecms/jfs/t18052/318/2334327001/256076/23da5f45/5af13917Naca6cb3d.jpg!q70.jpg\" data-lazy-src=\"//m.360buyimg.com/mobilecms/jfs/t18052/318/2334327001/256076/23da5f45/5af13917Naca6cb3d.jpg!q70.jpg\" class=\"_1ly13xh54Zg8BuvNqyKAZW\" alt=\"\"></div><div class=\"_21vNoNqRXSqfRyx53IR4Rr\"><div class=\"_1RUUfjmHgxrJ2yXlNcpeHh\">华为 HUAWEI P20 AI智慧徕卡双摄全面屏游戏手机 6GB+64GB 极光色 全网通移动联通电信4G手机 双卡双待</div><div class=\"_2Hg6ljEuHJtVSwMKVZ1GDi\"><span class=\"_3Lh5MwApUy92am_kTf69Va\">￥</span> 3388.00</div><div class=\"_1sDE6qVpmCbYrXQhjmX51X\"><button class=\"_2F_I9LI9rVM8V94OlAS981\">立即购买</button></div></div></div><p class=\"_1KzSpgz7dV2fQi0DA7rBNO ekdgpaS7Doc3bGdSvcWwK\">为节省提现成本，绑定民生银行的用户可以选择绑定其他银行卡，这也让群众的选择性更强。大家可能因为微信提现功能从免费到收费会有点气愤，官方给出的解释就是，每一笔交易银行都是会收取相应的费用的，这个关键点在于银行，与微信本身是没有直接联系。这样调整也是为了稳定微信所承受的巨额成本吧。</p><div class=\"_1KzSpgz7dV2fQi0DA7rBNO _37gzSu5Hae3LGdP4jdoYRh\"><div class=\"_3VbmUI3ZuVpoS7-YNYXcJo c7DNzkcG7rbA6gFkZPklM\"><img src=\"//m.360buyimg.com/mobilecms/s639x378_jfs/t1/16803/30/293/52965/5c0883bfEde71a43c/30d893d429eb3cf2.jpg!q70.jpg\" data-lazy-src=\"//m.360buyimg.com/mobilecms/s639x378_jfs/t1/16803/30/293/52965/5c0883bfEde71a43c/30d893d429eb3cf2.jpg!q70.jpg\" class=\"_1ly13xh54Zg8BuvNqyKAZW\" alt=\"加载图\" clstag=\"newstxt|main_c04\"></div></div><div class=\"_1KzSpgz7dV2fQi0DA7rBNO _2d4X0kM5O2Sis-q-gexdMD\"><a class=\"_38W8GE7s-FxeUGvitLPOQ0\" href=\"//item.jd.com/18520890556.html\" clstag=\"newstxt|main_b03\" data-log-text=\"移动手机卡 电信日租卡 纯流量卡4G无限流量电话号码0月租上网卡联通腾讯大王卡米粉全国通用北京上海 电信199/月不限流量+1000分钟 激活送99费\" data-log-url=\"//item.jd.com/18520890556.html\" data-log-mcinfo=\"03-150865815-18520890556-88.00\" target=\"_blank\"></a><div class=\"_3VbmUI3ZuVpoS7-YNYXcJo c7DNzkcG7rbA6gFkZPklM _2QOe7CRdCZXEW0hXyKN0IP\"><img src=\"//m.360buyimg.com/mobilecms/jfs/t1/16709/25/240/13542/5c088550E211d3e5f/bec550189135849b.jpg!q70.jpg\" data-lazy-src=\"//m.360buyimg.com/mobilecms/jfs/t1/16709/25/240/13542/5c088550E211d3e5f/bec550189135849b.jpg!q70.jpg\" class=\"_1ly13xh54Zg8BuvNqyKAZW\" alt=\"\"></div><div class=\"_21vNoNqRXSqfRyx53IR4Rr\"><div class=\"_1RUUfjmHgxrJ2yXlNcpeHh\">移动手机卡 电信日租卡 纯流量卡4G无限流量电话号码0月租上网卡联通腾讯大王卡米粉全国通用北京上海 电信199/月不限流量+1000分钟 激活送99费</div><div class=\"_2Hg6ljEuHJtVSwMKVZ1GDi\"><span class=\"_3Lh5MwApUy92am_kTf69Va\">￥</span> 88.00</div><div class=\"_1sDE6qVpmCbYrXQhjmX51X\"><button class=\"_2F_I9LI9rVM8V94OlAS981\">立即购买</button></div></div></div><div class=\"_1KzSpgz7dV2fQi0DA7rBNO _2d4X0kM5O2Sis-q-gexdMD\"><a class=\"_38W8GE7s-FxeUGvitLPOQ0\" href=\"//item.jd.com/33823337361.html\" clstag=\"newstxt|main_b04\" data-log-text=\"中国电信（China Telecom） 流量卡电信卡物联卡4g上网卡全国不限量纯流量卡不限速手机卡 电信青春卡 一卡五套餐    随意定 全国流量 不限速\" data-log-url=\"//item.jd.com/33823337361.html\" data-log-mcinfo=\"03-150865815-33823337361--1.00\" target=\"_blank\"></a><div class=\"_3VbmUI3ZuVpoS7-YNYXcJo c7DNzkcG7rbA6gFkZPklM _2QOe7CRdCZXEW0hXyKN0IP\"><img src=\"//m.360buyimg.com/mobilecms/jfs/t1/26604/5/254/15787/5c088571E15ed8fb6/7483233c2db78ca0.jpg!q70.jpg\" data-lazy-src=\"//m.360buyimg.com/mobilecms/jfs/t1/26604/5/254/15787/5c088571E15ed8fb6/7483233c2db78ca0.jpg!q70.jpg\" class=\"_1ly13xh54Zg8BuvNqyKAZW\" alt=\"\"></div><div class=\"_21vNoNqRXSqfRyx53IR4Rr\"><div class=\"_1RUUfjmHgxrJ2yXlNcpeHh\">中国电信（China Telecom） 流量卡电信卡物联卡4g上网卡全国不限量纯流量卡不限速手机卡 电信青春卡 一卡五套餐    随意定 全国流量 不限速</div><div class=\"_2Hg6ljEuHJtVSwMKVZ1GDi\"><span class=\"_3Lh5MwApUy92am_kTf69Va\">￥</span> -1.00</div><div class=\"_1sDE6qVpmCbYrXQhjmX51X\"><button class=\"_2F_I9LI9rVM8V94OlAS981\">立即购买</button></div></div></div><p class=\"_1KzSpgz7dV2fQi0DA7rBNO ekdgpaS7Doc3bGdSvcWwK\">所以，仔细思考，银行的规定不是说能改变就改变的，所以每个人当然需要为自己的消费承担很小一部分责任，这也算比较合理的了。</p></div></div>',0,0,2),(4,'Air Jordan 33开箱评测','2018-12-18 12:12:32','https://m.360buyimg.com/mobilecms/s460x300_jfs/t1/16507/37/1544/110289/5c1375b3Ed5618e9d/9b7c529ff53205f7.jpg!q70.jpg','AIR JORDAN正代系列近两年一直走复古路线，31代和32代分别添加1代和2代设计元素，而当33代推出时大家第一时间是比较蒙圈的，因为设计确实相当超前。采用了FastFit 技术，简单地拉起位于鞋面的扣环，便会带动系统收紧缆线，实现从脚踝到前掌的360度全方位锁定。我们来看看这款鞋的具体细节。','<div class=\"_3DxVSWjoqsghQdmNPYtFxK _2RXg7l_BWEMqTnH7z_3eXh\"><div class=\"_6KXjmZXt4URp4NonrOWFB\"><div class=\"_2HOCMwa4f5nu5ghetrumiN\"><div class=\"_2CD7_2MZBYElpXw5FMiwuK\"><h3 clstag=\"newstxt|main_a\">Air Jordan 33开箱评测</h3></div><div class=\"undefined\"><div class=\"undefined\"><div class=\"_3VbmUI3ZuVpoS7-YNYXcJo c7DNzkcG7rbA6gFkZPklM zG7SQS_t1_Jg1IV2xtbo_\"><img src=\"//m.360buyimg.com/mobilecms/jfs/t2977/233/2581639991/21680/3dc85f79/57b5731cN342e0bc5.png\" data-lazy-src=\"//m.360buyimg.com/mobilecms/jfs/t2977/233/2581639991/21680/3dc85f79/57b5731cN342e0bc5.png\" class=\"_1ly13xh54Zg8BuvNqyKAZW\" alt=\"加载图\"></div><div class=\"_3Z3585d03aL1refvDecItG\">快传体育</div></div></div></div></div><div class=\"yCtYoR9aaUJ6gLLeZpGlr\"><div class=\"_1KzSpgz7dV2fQi0DA7rBNO _37gzSu5Hae3LGdP4jdoYRh\"><div class=\"_3VbmUI3ZuVpoS7-YNYXcJo c7DNzkcG7rbA6gFkZPklM\"><img src=\"//m.360buyimg.com/mobilecms/s908x508_jfs/t1/6475/5/8988/118163/5c13757aEe22bf9a7/2c479f1f298c39dd.jpg!q70.jpg\" data-lazy-src=\"//m.360buyimg.com/mobilecms/s908x508_jfs/t1/6475/5/8988/118163/5c13757aEe22bf9a7/2c479f1f298c39dd.jpg!q70.jpg\" class=\"_1ly13xh54Zg8BuvNqyKAZW\" alt=\"加载图\" clstag=\"newstxt|main_c01\"></div></div><p class=\"_1KzSpgz7dV2fQi0DA7rBNO ekdgpaS7Doc3bGdSvcWwK\">AIR JORDAN正代系列近两年一直走复古路线，31代和32代分别添加1代和2代设计元素，而当33代推出时大家第一时间是比较蒙圈的，因为设计确实相当超前。采用了FastFit 技术，简单地拉起位于鞋面的扣环，便会带动系统收紧缆线，实现从脚踝到前掌的360度全方位锁定。我们来看看这款鞋的具体细节。</p><p class=\"_1KzSpgz7dV2fQi0DA7rBNO ekdgpaS7Doc3bGdSvcWwK\">AIR JORDAN XXXIII PF BV5072-100 2018年10月20日 ¥1499RMB</p><div class=\"_1KzSpgz7dV2fQi0DA7rBNO _37gzSu5Hae3LGdP4jdoYRh\"><div class=\"_3VbmUI3ZuVpoS7-YNYXcJo c7DNzkcG7rbA6gFkZPklM\"><img src=\"//m.360buyimg.com/mobilecms/s908x508_jfs/t1/24441/9/1508/84754/5c13757dE863e8000/3efe73bc0cecbc66.jpg!q70.jpg\" data-lazy-src=\"//m.360buyimg.com/mobilecms/s908x508_jfs/t1/24441/9/1508/84754/5c13757dE863e8000/3efe73bc0cecbc66.jpg!q70.jpg\" class=\"_1ly13xh54Zg8BuvNqyKAZW\" alt=\"加载图\" clstag=\"newstxt|main_c02\"></div></div><p class=\"_1KzSpgz7dV2fQi0DA7rBNO ekdgpaS7Doc3bGdSvcWwK\">白色鞋盒，正面黑色JUMPMAN LOGO</p><div class=\"_1KzSpgz7dV2fQi0DA7rBNO _37gzSu5Hae3LGdP4jdoYRh\"><div class=\"_3VbmUI3ZuVpoS7-YNYXcJo c7DNzkcG7rbA6gFkZPklM\"><img src=\"//m.360buyimg.com/mobilecms/s908x508_jfs/t1/18275/24/1555/94063/5c13757dE07ab12a2/75044ca7d5d02c7c.jpg!q70.jpg\" data-lazy-src=\"//m.360buyimg.com/mobilecms/s908x508_jfs/t1/18275/24/1555/94063/5c13757dE07ab12a2/75044ca7d5d02c7c.jpg!q70.jpg\" class=\"_1ly13xh54Zg8BuvNqyKAZW\" alt=\"加载图\" clstag=\"newstxt|main_c03\"></div></div><p class=\"_1KzSpgz7dV2fQi0DA7rBNO ekdgpaS7Doc3bGdSvcWwK\">鞋盒侧面金属拉环，红色布边上印有：ENGINEERED FOR FLIGHT</p><div class=\"_1KzSpgz7dV2fQi0DA7rBNO _37gzSu5Hae3LGdP4jdoYRh\"><div class=\"_3VbmUI3ZuVpoS7-YNYXcJo c7DNzkcG7rbA6gFkZPklM\"><img src=\"//m.360buyimg.com/mobilecms/s908x508_jfs/t1/16946/30/1592/88352/5c13757fE610c5f3e/03cde5beb5fd6528.jpg!q70.jpg\" data-lazy-src=\"//m.360buyimg.com/mobilecms/s908x508_jfs/t1/16946/30/1592/88352/5c13757fE610c5f3e/03cde5beb5fd6528.jpg!q70.jpg\" class=\"_1ly13xh54Zg8BuvNqyKAZW\" alt=\"加载图\" clstag=\"newstxt|main_c04\"></div></div><p class=\"_1KzSpgz7dV2fQi0DA7rBNO ekdgpaS7Doc3bGdSvcWwK\">盒盖下的鞋标</p><div class=\"_1KzSpgz7dV2fQi0DA7rBNO _37gzSu5Hae3LGdP4jdoYRh\"><div class=\"_3VbmUI3ZuVpoS7-YNYXcJo c7DNzkcG7rbA6gFkZPklM\"><img src=\"//m.360buyimg.com/mobilecms/s908x508_jfs/t1/27949/34/1576/177665/5c137580E7c38ac00/4c332c0a40294c5e.jpg!q70.jpg\" data-lazy-src=\"//m.360buyimg.com/mobilecms/s908x508_jfs/t1/27949/34/1576/177665/5c137580E7c38ac00/4c332c0a40294c5e.jpg!q70.jpg\" class=\"_1ly13xh54Zg8BuvNqyKAZW\" alt=\"加载图\" clstag=\"newstxt|main_c05\"></div></div><p class=\"_1KzSpgz7dV2fQi0DA7rBNO ekdgpaS7Doc3bGdSvcWwK\">鞋盒底部的合格证以及质保规定</p><div class=\"_1KzSpgz7dV2fQi0DA7rBNO _37gzSu5Hae3LGdP4jdoYRh\"><div class=\"_3VbmUI3ZuVpoS7-YNYXcJo c7DNzkcG7rbA6gFkZPklM\"><img src=\"//m.360buyimg.com/mobilecms/s702x1026_jfs/t1/27789/8/1560/244327/5c137582Ed0f459a8/6c4ced8a0ea31913.jpg!q70.jpg\" data-lazy-src=\"//m.360buyimg.com/mobilecms/s702x1026_jfs/t1/27789/8/1560/244327/5c137582Ed0f459a8/6c4ced8a0ea31913.jpg!q70.jpg\" class=\"_1ly13xh54Zg8BuvNqyKAZW\" alt=\"加载图\" clstag=\"newstxt|main_c06\"></div></div><p class=\"_1KzSpgz7dV2fQi0DA7rBNO ekdgpaS7Doc3bGdSvcWwK\">球鞋正面展示</p><div class=\"_1KzSpgz7dV2fQi0DA7rBNO _37gzSu5Hae3LGdP4jdoYRh\"><div class=\"_3VbmUI3ZuVpoS7-YNYXcJo c7DNzkcG7rbA6gFkZPklM\"><img src=\"//m.360buyimg.com/mobilecms/s908x508_jfs/t1/8003/9/9231/114930/5c137583Efbf96dbd/db48c25f06ddc85f.jpg!q70.jpg\" data-lazy-src=\"//m.360buyimg.com/mobilecms/s908x508_jfs/t1/8003/9/9231/114930/5c137583Efbf96dbd/db48c25f06ddc85f.jpg!q70.jpg\" class=\"_1ly13xh54Zg8BuvNqyKAZW\" alt=\"加载图\" clstag=\"newstxt|main_c07\"></div></div><p class=\"_1KzSpgz7dV2fQi0DA7rBNO ekdgpaS7Doc3bGdSvcWwK\">球鞋左脚外侧</p><div class=\"_1KzSpgz7dV2fQi0DA7rBNO _37gzSu5Hae3LGdP4jdoYRh\"><div class=\"_3VbmUI3ZuVpoS7-YNYXcJo c7DNzkcG7rbA6gFkZPklM\"><img src=\"//m.360buyimg.com/mobilecms/s908x508_jfs/t1/29698/10/1583/124891/5c137585E6711c7ae/4b21d2eb1f2db8f6.jpg!q70.jpg\" data-lazy-src=\"//m.360buyimg.com/mobilecms/s908x508_jfs/t1/29698/10/1583/124891/5c137585E6711c7ae/4b21d2eb1f2db8f6.jpg!q70.jpg\" class=\"_1ly13xh54Zg8BuvNqyKAZW\" alt=\"加载图\" clstag=\"newstxt|main_c08\"></div></div><p class=\"_1KzSpgz7dV2fQi0DA7rBNO ekdgpaS7Doc3bGdSvcWwK\">球鞋左脚内侧</p><div class=\"_1KzSpgz7dV2fQi0DA7rBNO _37gzSu5Hae3LGdP4jdoYRh\"><div class=\"_3VbmUI3ZuVpoS7-YNYXcJo c7DNzkcG7rbA6gFkZPklM\"><img src=\"//m.360buyimg.com/mobilecms/s908x508_jfs/t1/29257/16/1606/110256/5c137587E0c9587df/c8c855ace548420e.jpg!q70.jpg\" data-lazy-src=\"//m.360buyimg.com/mobilecms/s908x508_jfs/t1/29257/16/1606/110256/5c137587E0c9587df/c8c855ace548420e.jpg!q70.jpg\" class=\"_1ly13xh54Zg8BuvNqyKAZW\" alt=\"加载图\" clstag=\"newstxt|main_c09\"></div></div><p class=\"_1KzSpgz7dV2fQi0DA7rBNO ekdgpaS7Doc3bGdSvcWwK\">球鞋后跟</p><div class=\"_1KzSpgz7dV2fQi0DA7rBNO _37gzSu5Hae3LGdP4jdoYRh\"><div class=\"_3VbmUI3ZuVpoS7-YNYXcJo c7DNzkcG7rbA6gFkZPklM\"><img src=\"//m.360buyimg.com/mobilecms/s908x508_jfs/t1/23304/26/1531/127856/5c137589Efc547ffd/72ba4ea9b0d451a3.jpg!q70.jpg\" data-lazy-src=\"//m.360buyimg.com/mobilecms/s908x508_jfs/t1/23304/26/1531/127856/5c137589Efc547ffd/72ba4ea9b0d451a3.jpg!q70.jpg\" class=\"_1ly13xh54Zg8BuvNqyKAZW\" alt=\"加载图\" clstag=\"newstxt|main_c10\"></div></div><p class=\"_1KzSpgz7dV2fQi0DA7rBNO ekdgpaS7Doc3bGdSvcWwK\">球鞋外底</p><div class=\"_1KzSpgz7dV2fQi0DA7rBNO _37gzSu5Hae3LGdP4jdoYRh\"><div class=\"_3VbmUI3ZuVpoS7-YNYXcJo c7DNzkcG7rbA6gFkZPklM\"><img src=\"//m.360buyimg.com/mobilecms/s750x750_jfs/t1/26255/26/1588/196125/5c13758bE878fce7f/1935e32ab4c609bc.jpg!q70.jpg\" data-lazy-src=\"//m.360buyimg.com/mobilecms/s750x750_jfs/t1/26255/26/1588/196125/5c13758bE878fce7f/1935e32ab4c609bc.jpg!q70.jpg\" class=\"_1ly13xh54Zg8BuvNqyKAZW\" alt=\"加载图\" clstag=\"newstxt|main_c11\"></div></div><p class=\"_1KzSpgz7dV2fQi0DA7rBNO ekdgpaS7Doc3bGdSvcWwK\">鞋舌上超大JUMPMAN LOGO，源自AIR JORDAN 3代鞋舌设计元素</p><div class=\"_1KzSpgz7dV2fQi0DA7rBNO _37gzSu5Hae3LGdP4jdoYRh\"><div class=\"_3VbmUI3ZuVpoS7-YNYXcJo c7DNzkcG7rbA6gFkZPklM\"><img src=\"//m.360buyimg.com/mobilecms/s750x581_jfs/t1/23111/10/1559/140785/5c13758dEc125aee5/4446bee4f719478c.jpg!q70.jpg\" data-lazy-src=\"//m.360buyimg.com/mobilecms/s750x581_jfs/t1/23111/10/1559/140785/5c13758dEc125aee5/4446bee4f719478c.jpg!q70.jpg\" class=\"_1ly13xh54Zg8BuvNqyKAZW\" alt=\"加载图\" clstag=\"newstxt|main_c12\"></div></div><p class=\"_1KzSpgz7dV2fQi0DA7rBNO ekdgpaS7Doc3bGdSvcWwK\">鞋舌内侧AJ XXXIII，表明身份</p><div class=\"_1KzSpgz7dV2fQi0DA7rBNO _37gzSu5Hae3LGdP4jdoYRh\"><div class=\"_3VbmUI3ZuVpoS7-YNYXcJo c7DNzkcG7rbA6gFkZPklM\"><img src=\"//m.360buyimg.com/mobilecms/s908x508_jfs/t1/26149/6/1584/180693/5c13758eE4e2ebc0a/7f72d9b2f4287c2d.jpg!q70.jpg\" data-lazy-src=\"//m.360buyimg.com/mobilecms/s908x508_jfs/t1/26149/6/1584/180693/5c13758eE4e2ebc0a/7f72d9b2f4287c2d.jpg!q70.jpg\" class=\"_1ly13xh54Zg8BuvNqyKAZW\" alt=\"加载图\" clstag=\"newstxt|main_c13\"></div></div><p class=\"_1KzSpgz7dV2fQi0DA7rBNO ekdgpaS7Doc3bGdSvcWwK\">透气网布鞋面，前掌外侧皮革支撑</p><div class=\"_1KzSpgz7dV2fQi0DA7rBNO _37gzSu5Hae3LGdP4jdoYRh\"><div class=\"_3VbmUI3ZuVpoS7-YNYXcJo c7DNzkcG7rbA6gFkZPklM\"><img src=\"//m.360buyimg.com/mobilecms/s908x508_jfs/t1/22654/34/1613/123295/5c137590Ed4f72039/68e4e069980d8319.jpg!q70.jpg\" data-lazy-src=\"//m.360buyimg.com/mobilecms/s908x508_jfs/t1/22654/34/1613/123295/5c137590Ed4f72039/68e4e069980d8319.jpg!q70.jpg\" class=\"_1ly13xh54Zg8BuvNqyKAZW\" alt=\"加载图\" clstag=\"newstxt|main_c14\"></div></div><p class=\"_1KzSpgz7dV2fQi0DA7rBNO ekdgpaS7Doc3bGdSvcWwK\">随鞋附送FastFit 技术使用方法介绍卡</p><div class=\"_1KzSpgz7dV2fQi0DA7rBNO _37gzSu5Hae3LGdP4jdoYRh\"><div class=\"_3VbmUI3ZuVpoS7-YNYXcJo c7DNzkcG7rbA6gFkZPklM\"><img src=\"//m.360buyimg.com/mobilecms/s908x508_jfs/t1/19800/27/1571/164180/5c137592E206ed290/beb66a6b63960d80.jpg!q70.jpg\" data-lazy-src=\"//m.360buyimg.com/mobilecms/s908x508_jfs/t1/19800/27/1571/164180/5c137592E206ed290/beb66a6b63960d80.jpg!q70.jpg\" class=\"_1ly13xh54Zg8BuvNqyKAZW\" alt=\"加载图\" clstag=\"newstxt|main_c15\"></div></div><p class=\"_1KzSpgz7dV2fQi0DA7rBNO ekdgpaS7Doc3bGdSvcWwK\">鞋身内侧加强皮革和鞋身外侧皮革与缆绳组合，有效提升包裹性</p><div class=\"_1KzSpgz7dV2fQi0DA7rBNO _37gzSu5Hae3LGdP4jdoYRh\"><div class=\"_3VbmUI3ZuVpoS7-YNYXcJo c7DNzkcG7rbA6gFkZPklM\"><img src=\"//m.360buyimg.com/mobilecms/s908x908_jfs/t1/14088/10/1490/324417/5c137594E751dd55d/8c5f2795ea1df5e3.jpg!q70.jpg\" data-lazy-src=\"//m.360buyimg.com/mobilecms/s908x908_jfs/t1/14088/10/1490/324417/5c137594E751dd55d/8c5f2795ea1df5e3.jpg!q70.jpg\" class=\"_1ly13xh54Zg8BuvNqyKAZW\" alt=\"加载图\" clstag=\"newstxt|main_c16\"></div></div><p class=\"_1KzSpgz7dV2fQi0DA7rBNO ekdgpaS7Doc3bGdSvcWwK\">鞋身内侧尼龙材质魔术贴，摆脱鞋带束缚</p><div class=\"_1KzSpgz7dV2fQi0DA7rBNO _37gzSu5Hae3LGdP4jdoYRh\"><div class=\"_3VbmUI3ZuVpoS7-YNYXcJo c7DNzkcG7rbA6gFkZPklM\"><img src=\"//m.360buyimg.com/mobilecms/s908x508_jfs/t1/16658/29/1548/171153/5c137595E39a67697/4f17ce9f1a4f90aa.jpg!q70.jpg\" data-lazy-src=\"//m.360buyimg.com/mobilecms/s908x508_jfs/t1/16658/29/1548/171153/5c137595E39a67697/4f17ce9f1a4f90aa.jpg!q70.jpg\" class=\"_1ly13xh54Zg8BuvNqyKAZW\" alt=\"加载图\" clstag=\"newstxt|main_c17\"></div></div><p class=\"_1KzSpgz7dV2fQi0DA7rBNO ekdgpaS7Doc3bGdSvcWwK\">将绑带打开，双层鞋面提升穿着包裹性</p><div class=\"_1KzSpgz7dV2fQi0DA7rBNO _37gzSu5Hae3LGdP4jdoYRh\"><div class=\"_3VbmUI3ZuVpoS7-YNYXcJo c7DNzkcG7rbA6gFkZPklM\"><img src=\"//m.360buyimg.com/mobilecms/s908x508_jfs/t1/23648/33/1527/101752/5c137596E4e953f1c/436b96def035fc88.jpg!q70.jpg\" data-lazy-src=\"//m.360buyimg.com/mobilecms/s908x508_jfs/t1/23648/33/1527/101752/5c137596E4e953f1c/436b96def035fc88.jpg!q70.jpg\" class=\"_1ly13xh54Zg8BuvNqyKAZW\" alt=\"加载图\" clstag=\"newstxt|main_c18\"></div></div><p class=\"_1KzSpgz7dV2fQi0DA7rBNO ekdgpaS7Doc3bGdSvcWwK\">后跟侧面采用皮革材质，有效提升支撑性</p><div class=\"_1KzSpgz7dV2fQi0DA7rBNO _37gzSu5Hae3LGdP4jdoYRh\"><div class=\"_3VbmUI3ZuVpoS7-YNYXcJo c7DNzkcG7rbA6gFkZPklM\"><img src=\"//m.360buyimg.com/mobilecms/s908x508_jfs/t1/10840/34/5211/115517/5c137598Ee8801ad9/ef9033ced9bef084.jpg!q70.jpg\" data-lazy-src=\"//m.360buyimg.com/mobilecms/s908x508_jfs/t1/10840/34/5211/115517/5c137598Ee8801ad9/ef9033ced9bef084.jpg!q70.jpg\" class=\"_1ly13xh54Zg8BuvNqyKAZW\" alt=\"加载图\" clstag=\"newstxt|main_c19\"></div></div><p class=\"_1KzSpgz7dV2fQi0DA7rBNO ekdgpaS7Doc3bGdSvcWwK\">前掌外侧外露式Flight Speed 科技，有效提升整体稳定性</p><div class=\"_1KzSpgz7dV2fQi0DA7rBNO _37gzSu5Hae3LGdP4jdoYRh\"><div class=\"_3VbmUI3ZuVpoS7-YNYXcJo c7DNzkcG7rbA6gFkZPklM\"><img src=\"//m.360buyimg.com/mobilecms/s574x1026_jfs/t1/8821/18/9166/139337/5c13759aE5074bfcf/d3f090c122cded57.jpg!q70.jpg\" data-lazy-src=\"//m.360buyimg.com/mobilecms/s574x1026_jfs/t1/8821/18/9166/139337/5c13759aE5074bfcf/d3f090c122cded57.jpg!q70.jpg\" class=\"_1ly13xh54Zg8BuvNqyKAZW\" alt=\"加载图\" clstag=\"newstxt|main_c20\"></div></div><p class=\"_1KzSpgz7dV2fQi0DA7rBNO ekdgpaS7Doc3bGdSvcWwK\">鞋身后跟超大刺绣NIKE复古LOGO，灵感来源于AIR JORDAN 3代</p><div class=\"_1KzSpgz7dV2fQi0DA7rBNO _37gzSu5Hae3LGdP4jdoYRh\"><div class=\"_3VbmUI3ZuVpoS7-YNYXcJo c7DNzkcG7rbA6gFkZPklM\"><img src=\"//m.360buyimg.com/mobilecms/s908x508_jfs/t1/25455/3/1539/117479/5c13759dEbcb9d12e/5fd9ccb522383cac.jpg!q70.jpg\" data-lazy-src=\"//m.360buyimg.com/mobilecms/s908x508_jfs/t1/25455/3/1539/117479/5c13759dEbcb9d12e/5fd9ccb522383cac.jpg!q70.jpg\" class=\"_1ly13xh54Zg8BuvNqyKAZW\" alt=\"加载图\" clstag=\"newstxt|main_c21\"></div></div><p class=\"_1KzSpgz7dV2fQi0DA7rBNO ekdgpaS7Doc3bGdSvcWwK\">透明橡胶外底，前后ZOOM AIR气垫形状使用红框标注</p><div class=\"_1KzSpgz7dV2fQi0DA7rBNO _37gzSu5Hae3LGdP4jdoYRh\"><div class=\"_3VbmUI3ZuVpoS7-YNYXcJo c7DNzkcG7rbA6gFkZPklM\"><img src=\"//m.360buyimg.com/mobilecms/s908x908_jfs/t1/19727/27/1534/255407/5c13759fE68e5c2d7/a0dd4a2e5a4d35c3.jpg!q70.jpg\" data-lazy-src=\"//m.360buyimg.com/mobilecms/s908x908_jfs/t1/19727/27/1534/255407/5c13759fE68e5c2d7/a0dd4a2e5a4d35c3.jpg!q70.jpg\" class=\"_1ly13xh54Zg8BuvNqyKAZW\" alt=\"加载图\" clstag=\"newstxt|main_c22\"></div></div><p class=\"_1KzSpgz7dV2fQi0DA7rBNO ekdgpaS7Doc3bGdSvcWwK\">足弓这块就是FastFit 技术，拉动鞋面拉带，能够清晰看到齿轮转动</p><div class=\"_1KzSpgz7dV2fQi0DA7rBNO _37gzSu5Hae3LGdP4jdoYRh\"><div class=\"_3VbmUI3ZuVpoS7-YNYXcJo c7DNzkcG7rbA6gFkZPklM\"><img src=\"//m.360buyimg.com/mobilecms/s908x508_jfs/t1/16573/12/1568/128883/5c1375a1E7f2f0478/7e6651b77d194962.jpg!q70.jpg\" data-lazy-src=\"//m.360buyimg.com/mobilecms/s908x508_jfs/t1/16573/12/1568/128883/5c1375a1E7f2f0478/7e6651b77d194962.jpg!q70.jpg\" class=\"_1ly13xh54Zg8BuvNqyKAZW\" alt=\"加载图\" clstag=\"newstxt|main_c23\"></div></div><p class=\"_1KzSpgz7dV2fQi0DA7rBNO ekdgpaS7Doc3bGdSvcWwK\">前掌气垫位置凸出，边缘圆润，适合多方向突破</p><div class=\"_1KzSpgz7dV2fQi0DA7rBNO _37gzSu5Hae3LGdP4jdoYRh\"><div class=\"_3VbmUI3ZuVpoS7-YNYXcJo c7DNzkcG7rbA6gFkZPklM\"><img src=\"//m.360buyimg.com/mobilecms/s908x508_jfs/t1/23023/2/1545/129239/5c1375a2E34978486/bf600bd24024e3e0.jpg!q70.jpg\" data-lazy-src=\"//m.360buyimg.com/mobilecms/s908x508_jfs/t1/23023/2/1545/129239/5c1375a2E34978486/bf600bd24024e3e0.jpg!q70.jpg\" class=\"_1ly13xh54Zg8BuvNqyKAZW\" alt=\"加载图\" clstag=\"newstxt|main_c24\"></div></div><p class=\"_1KzSpgz7dV2fQi0DA7rBNO ekdgpaS7Doc3bGdSvcWwK\">红色鞋垫，后跟黑色JUMPMAN LOGO</p><div class=\"_1KzSpgz7dV2fQi0DA7rBNO _37gzSu5Hae3LGdP4jdoYRh\"><div class=\"_3VbmUI3ZuVpoS7-YNYXcJo c7DNzkcG7rbA6gFkZPklM\"><img src=\"//m.360buyimg.com/mobilecms/s908x508_jfs/t1/18078/6/1491/163041/5c1375a3E378d935c/7d478427fd2f35a5.jpg!q70.jpg\" data-lazy-src=\"//m.360buyimg.com/mobilecms/s908x508_jfs/t1/18078/6/1491/163041/5c1375a3E378d935c/7d478427fd2f35a5.jpg!q70.jpg\" class=\"_1ly13xh54Zg8BuvNqyKAZW\" alt=\"加载图\" clstag=\"newstxt|main_c25\"></div></div><p class=\"_1KzSpgz7dV2fQi0DA7rBNO ekdgpaS7Doc3bGdSvcWwK\">蓝色鞋垫背面，刷胶整齐</p><div class=\"_1KzSpgz7dV2fQi0DA7rBNO _37gzSu5Hae3LGdP4jdoYRh\"><div class=\"_3VbmUI3ZuVpoS7-YNYXcJo c7DNzkcG7rbA6gFkZPklM\"><img src=\"//m.360buyimg.com/mobilecms/s908x508_jfs/t1/20785/12/1615/283716/5c1375a5Ea3ba20f4/55896c2a1796238f.jpg!q70.jpg\" data-lazy-src=\"//m.360buyimg.com/mobilecms/s908x508_jfs/t1/20785/12/1615/283716/5c1375a5Ea3ba20f4/55896c2a1796238f.jpg!q70.jpg\" class=\"_1ly13xh54Zg8BuvNqyKAZW\" alt=\"加载图\" clstag=\"newstxt|main_c26\"></div></div><p class=\"_1KzSpgz7dV2fQi0DA7rBNO ekdgpaS7Doc3bGdSvcWwK\">“O”记鞋垫，脚感舒适</p><div class=\"_1KzSpgz7dV2fQi0DA7rBNO _37gzSu5Hae3LGdP4jdoYRh\"><div class=\"_3VbmUI3ZuVpoS7-YNYXcJo c7DNzkcG7rbA6gFkZPklM\"><img src=\"//m.360buyimg.com/mobilecms/s908x508_jfs/t1/29067/11/1542/141476/5c1375a7E93044772/62de8a7b7497b593.jpg!q70.jpg\" data-lazy-src=\"//m.360buyimg.com/mobilecms/s908x508_jfs/t1/29067/11/1542/141476/5c1375a7E93044772/62de8a7b7497b593.jpg!q70.jpg\" class=\"_1ly13xh54Zg8BuvNqyKAZW\" alt=\"加载图\" clstag=\"newstxt|main_c27\"></div></div><p class=\"_1KzSpgz7dV2fQi0DA7rBNO ekdgpaS7Doc3bGdSvcWwK\">42.5码鞋垫长约275毫米</p><div class=\"_1KzSpgz7dV2fQi0DA7rBNO _37gzSu5Hae3LGdP4jdoYRh\"><div class=\"_3VbmUI3ZuVpoS7-YNYXcJo c7DNzkcG7rbA6gFkZPklM\"><img src=\"//m.360buyimg.com/mobilecms/s908x508_jfs/t1/29406/23/1545/159209/5c1375a8E86d971cd/8e4a74fad3ca83d2.jpg!q70.jpg\" data-lazy-src=\"//m.360buyimg.com/mobilecms/s908x508_jfs/t1/29406/23/1545/159209/5c1375a8E86d971cd/8e4a74fad3ca83d2.jpg!q70.jpg\" class=\"_1ly13xh54Zg8BuvNqyKAZW\" alt=\"加载图\" clstag=\"newstxt|main_c28\"></div></div><p class=\"_1KzSpgz7dV2fQi0DA7rBNO ekdgpaS7Doc3bGdSvcWwK\">鞋垫长度细节</p><div class=\"_1KzSpgz7dV2fQi0DA7rBNO _37gzSu5Hae3LGdP4jdoYRh\"><div class=\"_3VbmUI3ZuVpoS7-YNYXcJo c7DNzkcG7rbA6gFkZPklM\"><img src=\"//m.360buyimg.com/mobilecms/s908x508_jfs/t1/27758/28/1553/199762/5c1375aaE58a8e47c/e2578299af6f9471.jpg!q70.jpg\" data-lazy-src=\"//m.360buyimg.com/mobilecms/s908x508_jfs/t1/27758/28/1553/199762/5c1375aaE58a8e47c/e2578299af6f9471.jpg!q70.jpg\" class=\"_1ly13xh54Zg8BuvNqyKAZW\" alt=\"加载图\" clstag=\"newstxt|main_c29\"></div></div><p class=\"_1KzSpgz7dV2fQi0DA7rBNO ekdgpaS7Doc3bGdSvcWwK\">42.5码鞋垫前掌宽约94.50毫米</p><div class=\"_1KzSpgz7dV2fQi0DA7rBNO _37gzSu5Hae3LGdP4jdoYRh\"><div class=\"_3VbmUI3ZuVpoS7-YNYXcJo c7DNzkcG7rbA6gFkZPklM\"><img src=\"//m.360buyimg.com/mobilecms/s908x508_jfs/t1/18574/35/1559/125605/5c1375abE4488ac98/fd2e807da478f51e.jpg!q70.jpg\" data-lazy-src=\"//m.360buyimg.com/mobilecms/s908x508_jfs/t1/18574/35/1559/125605/5c1375abE4488ac98/fd2e807da478f51e.jpg!q70.jpg\" class=\"_1ly13xh54Zg8BuvNqyKAZW\" alt=\"加载图\" clstag=\"newstxt|main_c30\"></div></div><p class=\"_1KzSpgz7dV2fQi0DA7rBNO ekdgpaS7Doc3bGdSvcWwK\">42.5码鞋垫厚约4.58毫米</p><div class=\"_1KzSpgz7dV2fQi0DA7rBNO _37gzSu5Hae3LGdP4jdoYRh\"><div class=\"_3VbmUI3ZuVpoS7-YNYXcJo c7DNzkcG7rbA6gFkZPklM\"><img src=\"//m.360buyimg.com/mobilecms/s908x508_jfs/t1/21833/12/1589/107331/5c1375acE0a7a9d4c/f9bfa5f5c61219b6.jpg!q70.jpg\" data-lazy-src=\"//m.360buyimg.com/mobilecms/s908x508_jfs/t1/21833/12/1589/107331/5c1375acE0a7a9d4c/f9bfa5f5c61219b6.jpg!q70.jpg\" class=\"_1ly13xh54Zg8BuvNqyKAZW\" alt=\"加载图\" clstag=\"newstxt|main_c31\"></div></div><p class=\"_1KzSpgz7dV2fQi0DA7rBNO ekdgpaS7Doc3bGdSvcWwK\">中底布表面为EVA材质，质感出众</p><div class=\"_1KzSpgz7dV2fQi0DA7rBNO _37gzSu5Hae3LGdP4jdoYRh\"><div class=\"_3VbmUI3ZuVpoS7-YNYXcJo c7DNzkcG7rbA6gFkZPklM\"><img src=\"//m.360buyimg.com/mobilecms/s908x508_jfs/t1/28967/5/1528/145554/5c1375adE37e0acaa/0ab88abd3cc494ae.jpg!q70.jpg\" data-lazy-src=\"//m.360buyimg.com/mobilecms/s908x508_jfs/t1/28967/5/1528/145554/5c1375adE37e0acaa/0ab88abd3cc494ae.jpg!q70.jpg\" class=\"_1ly13xh54Zg8BuvNqyKAZW\" alt=\"加载图\" clstag=\"newstxt|main_c32\"></div></div><p class=\"_1KzSpgz7dV2fQi0DA7rBNO ekdgpaS7Doc3bGdSvcWwK\">越南制造，工厂代码VP</p><div class=\"_1KzSpgz7dV2fQi0DA7rBNO _37gzSu5Hae3LGdP4jdoYRh\"><div class=\"_3VbmUI3ZuVpoS7-YNYXcJo c7DNzkcG7rbA6gFkZPklM\"><img src=\"//m.360buyimg.com/mobilecms/s908x508_jfs/t1/19690/31/1612/138043/5c1375afE55c8e969/69e9a77954e5c0c3.jpg!q70.jpg\" data-lazy-src=\"//m.360buyimg.com/mobilecms/s908x508_jfs/t1/19690/31/1612/138043/5c1375afE55c8e969/69e9a77954e5c0c3.jpg!q70.jpg\" class=\"_1ly13xh54Zg8BuvNqyKAZW\" alt=\"加载图\" clstag=\"newstxt|main_c33\"></div></div><p class=\"_1KzSpgz7dV2fQi0DA7rBNO ekdgpaS7Doc3bGdSvcWwK\">42.5码左脚鞋重约485.0克</p><div class=\"_1KzSpgz7dV2fQi0DA7rBNO _37gzSu5Hae3LGdP4jdoYRh\"><div class=\"_3VbmUI3ZuVpoS7-YNYXcJo c7DNzkcG7rbA6gFkZPklM\"><img src=\"//m.360buyimg.com/mobilecms/s908x508_jfs/t1/15181/3/1551/137602/5c1375b0Eb06d9318/8a36294544d35137.jpg!q70.jpg\" data-lazy-src=\"//m.360buyimg.com/mobilecms/s908x508_jfs/t1/15181/3/1551/137602/5c1375b0Eb06d9318/8a36294544d35137.jpg!q70.jpg\" class=\"_1ly13xh54Zg8BuvNqyKAZW\" alt=\"加载图\" clstag=\"newstxt|main_c34\"></div></div><p class=\"_1KzSpgz7dV2fQi0DA7rBNO ekdgpaS7Doc3bGdSvcWwK\">42.5码右脚鞋重约482.0克，平均单只重约483.5克</p><p class=\"_1KzSpgz7dV2fQi0DA7rBNO ekdgpaS7Doc3bGdSvcWwK\">小结</p><p class=\"_1KzSpgz7dV2fQi0DA7rBNO ekdgpaS7Doc3bGdSvcWwK\">AIR JORDAN XXXIII PF是一款设计超前的鞋款，采用AIR JORDAN 3代设计元素，FastFit 技术360°锁定双脚，前后分离式ZOOM AIR气垫配合Flight Speed 科技，保证球鞋稳定的同时提供绝佳的缓震。</p><p class=\"_1KzSpgz7dV2fQi0DA7rBNO ekdgpaS7Doc3bGdSvcWwK\">上脚试穿，鞋款偏小半码，只是将侧面绑带系紧，就能感受到鞋面与脚踝处良好的包裹，拉动鞋面拉环，随着脚下“咔咔”声响，能够明显感受到FastFit 技术带来的超强包裹。简单跑跳，前掌ZOOM AIR气垫反馈明显，动作毫不拖沓，脚感相当不错。</p><p class=\"_1KzSpgz7dV2fQi0DA7rBNO ekdgpaS7Doc3bGdSvcWwK\">喜欢AIR JORDAN XXXIII的朋友们可以持续关注快传体育后续的实测以及拆解评测。</p></div></div>',0,0,5);

#
# Structure for table "news_cate"
#

CREATE TABLE `news_cate` (
  `id` int(11) NOT NULL AUTO_INCREMENT,
  `name` varchar(255) NOT NULL DEFAULT '',
  PRIMARY KEY (`id`)
) ENGINE=MyISAM AUTO_INCREMENT=7 DEFAULT CHARSET=utf8;

#
# Data for table "news_cate"
#

INSERT INTO `news_cate` VALUES (1,'精选'),(2,'手机'),(3,'数码'),(4,'汽车'),(5,'运动'),(6,'型男');

#
# Structure for table "news_comment"
#

CREATE TABLE `news_comment` (
  `id` int(11) NOT NULL AUTO_INCREMENT,
  `comment` text NOT NULL,
  `ctime` varchar(255) NOT NULL DEFAULT '',
  `news_id` int(11) NOT NULL DEFAULT '0',
  `user_id` int(11) NOT NULL DEFAULT '0',
  `del_state` tinyint(3) NOT NULL DEFAULT '0',
  PRIMARY KEY (`id`)
) ENGINE=MyISAM AUTO_INCREMENT=16 DEFAULT CHARSET=utf8;

#
# Data for table "news_comment"
#

INSERT INTO `news_comment` VALUES (1,'这个手机真的太赞了!','2018-12-18 14:50:09',1,1,0),(13,'哈哈哈 这个手机是来搞笑的吧???','2018-12-18 14:50:09',1,34,0),(14,'哈哈哈 这个手机是来搞笑的吧???','2018-12-21 12:48:19',1,1,0),(15,'哈哈哈 这个手机是来搞笑的吧???','2018-12-21 13:03:17',1,1,0);

#
# Structure for table "receiver_address"
#

CREATE TABLE `receiver_address` (
  `id` int(11) NOT NULL AUTO_INCREMENT,
  `user_id` int(11) NOT NULL DEFAULT '0',
  `receiver_name` varchar(255) NOT NULL DEFAULT '',
  `mobile` varchar(255) NOT NULL DEFAULT '',
  `postcode` varchar(11) NOT NULL DEFAULT '',
  `province` varchar(255) NOT NULL DEFAULT '',
  `city` varchar(255) NOT NULL DEFAULT '',
  `area` varchar(255) NOT NULL DEFAULT '',
  `detailed_address` varchar(255) NOT NULL DEFAULT '',
  `del_state` tinyint(3) NOT NULL DEFAULT '0',
  PRIMARY KEY (`id`)
) ENGINE=MyISAM AUTO_INCREMENT=11 DEFAULT CHARSET=utf8;

#
# Data for table "receiver_address"
#

INSERT INTO `receiver_address` VALUES (1,1,'前端大法好','13838383838','430000','湖北省','武汉市','洪山区','光谷大道云计算孵化中心1栋3楼',1),(2,1,'传智大法好','13030303030','430070','湖北省','武汉市','东湖高新区','金融港B15栋',0),(4,21,'酷酷222','13838383838','430000','湖北省','武汉市','洪山区','汤逊湖北路长城科技园6栋知乐楼',0),(5,21,'凯文2','13838383838','430000','湖北省','武汉市','洪山区','汤逊湖北路长城科技园6栋知乐楼',1),(6,21,'嘿嘿嘿','13838383838','430000','湖北省','武汉市','洪山区','汤逊湖北路长城科技园6栋知乐楼',0),(7,21,'嘿嘿嘿','13838383838','430000','湖北省','武汉市','洪山区','汤逊湖北路长城科技园6栋知乐楼',0),(8,21,'酷酷222','13838383838','430000','湖北省','武汉市','洪山区','汤逊湖北路长城科技园6栋知乐楼',0),(9,1,'谢谢','13838383838','430000','湖北省','武汉市','洪山区','汤逊湖北路长城科技园6栋知乐楼',0),(10,1,'czr','13838383838','430000','湖北省','武汉市','洪山区','汤逊湖北路长城科技园6栋知乐楼',0);

#
# Structure for table "shopping_cart"
#

CREATE TABLE `shopping_cart` (
  `id` int(11) NOT NULL AUTO_INCREMENT,
  `goods_id` int(11) NOT NULL DEFAULT '0',
  `user_id` int(11) NOT NULL DEFAULT '0',
  `count` int(11) NOT NULL DEFAULT '0',
  `utime` varchar(255) NOT NULL DEFAULT '',
  `del_state` tinyint(3) NOT NULL DEFAULT '0',
  PRIMARY KEY (`id`)
) ENGINE=MyISAM AUTO_INCREMENT=6 DEFAULT CHARSET=utf8;

#
# Data for table "shopping_cart"
#

INSERT INTO `shopping_cart` VALUES (1,1,1,12,'2018-12-21',0),(3,2,1,24,'2018-12-21 14:38:39',0),(7,1,35,0,'2018-12-21 16:03:49',1),(9,4,35,1,'2018-12-21 16:03:55',0);

#
# Structure for table "users"
#

CREATE TABLE `users` (
  `id` int(11) NOT NULL AUTO_INCREMENT,
  `nickname` varchar(255) NOT NULL DEFAULT '',
  `username` varchar(255) NOT NULL DEFAULT '',
  `password` varchar(255) NOT NULL DEFAULT '',
  `mobile` varchar(255) NOT NULL DEFAULT '',
  `ctime` varchar(255) NOT NULL DEFAULT '',
  PRIMARY KEY (`id`)
) ENGINE=MyISAM AUTO_INCREMENT=35 DEFAULT CHARSET=utf8;

#
# Data for table "users"
#

INSERT INTO `users` VALUES (1,'紫阳','ltc','$2a$10$W3WVrf9UzxTWD6bXXXxShexJZR50f3/fPeDVmG9p/MSlXKV7a7RSq','12345678999','2018-12-12 23:46:27'),(34,'泰坦','ltc10','$2a$10$4dMGBA/4vYa7yozjdP4gN..DpvgRJ2NngSXjEbANKVWvqtJEuVa8m','13838383838','2018-12-18 14:39:13'),(35,'泰坦2','ltc2','$2a$10$1JSmHXgml8JkBKrye8tEkuYNW8/KQfNrRPMBe78i87qml.hokQgTO','13838383838','2018-12-21 14:43:45');

#
# Structure for table "users_auth"
#

CREATE TABLE `users_auth` (
  `id` int(11) NOT NULL AUTO_INCREMENT,
  `user_id` int(11) NOT NULL DEFAULT '0',
  `token` varchar(255) NOT NULL DEFAULT '',
  `ctime` varchar(255) NOT NULL DEFAULT '',
  PRIMARY KEY (`id`)
) ENGINE=MyISAM AUTO_INCREMENT=33 DEFAULT CHARSET=utf8;

#
# Data for table "users_auth"
#

INSERT INTO `users_auth` VALUES (29,1,'eyJhbGciOiJIUzI1NiIsInR5cCI6IkpXVCJ9.eyJzZWNyZXQiOiJpdGNhc3Qtd2giLCJpYXQiOjE1NDUxMTg2ODUsImV4cCI6MTU0NzcxMDY4NX0.FdMHE72C85X4FfnafWORO_al-nMMGRydXadLncbuFIk','2018-12-18 15:38:05'),(33,35,'eyJhbGciOiJIUzI1NiIsInR5cCI6IkpXVCJ9.eyJzZWNyZXQiOiJpdGNhc3Qtd2giLCJpYXQiOjE1NDUzNzQ2MjUsImV4cCI6MTU0Nzk2NjYyNX0.xv_ZvKCm33-49Cj003MQjDGomLATMZcj3qctFfKT1vo','2018-12-21 14:43:45');
